Name,Type,Country,Matches,Wickets,Overs,Average,Economy,Strike Rate,Wk/over,Ov/Mtch,Wkpermatch,Balls,Top,Middle,Lower,CBR
"Aaron, Varun R",fast,India,9,18,198.16,52.61,4.78,66.06,0.090863200403837,22.0111111111111,2,1189,44.4,44.4,11.1,12.3278939872053
"Agarkar, Ajit B",fast,India,26,58,809.5,47.33,3.39,83.74,0.071666872605956,31.1269230769231,2.23076923076923,4857,36.2,37.9,25.9,9.14480180246505
"Ambrose, Curtly E L",fast,West Indies,98,405,3683.83,20.99,2.31,54.58,0.109949776028234,37.5867346938776,4.13265306122449,22103,36.3,36,27.7,6.01366428851851
"Benjamin, Kenneth C G",fast,West Indies,26,92,855.33,30.27,3.26,55.78,0.107577174929841,32.8923076923077,3.53846153846154,5132,32.6,41.3,26.1,8.38663393031816
"Benjamin, Winston K M",fast,West Indies,21,61,615.66,27.02,2.68,60.56,0.099122521936952,29.3047619047619,2.9047619047619,3694,27.9,50.8,21.3,7.03141753894186
"Best, Tino L",fast,West Indies,25,57,619.33,40.19,3.7,65.19,0.092054263565892,24.768,2.28,3716,38.6,43.9,17.5,9.6620891194073
"Bishop, Ian R",fast,West Indies,43,161,1411.16,24.29,2.77,52.59,0.114095386577847,32.8162790697674,3.74418604651163,8467,36,35.4,28.6,7.12259069920081
"Bond, Shane E",fast,New Zealand,18,87,562,22.09,3.42,38.76,0.154804270462633,31.2222222222222,4.83333333333333,3372,37.9,44.8,17.2,8.25384860916228
"Rabada, Kagiso",fast,South Africa,11,44,296.33,23.75,3.52,40.4,0.154804270462633,31.2222222222222,4,1778,27.3,43.2,29.5,8.54825918664178
"Butler, Ian G",fast,New Zealand,8,24,228,36.83,3.88,57,0.105263157894737,28.5,3,1368,25,25,50,9.91972965169996
"Cowans, Norman G",fast,England,19,51,575.33,39.27,3.48,67.69,0.088664812239221,30.2736842105263,2.68421052631579,3452,41.2,45.1,13.7,9.15766893893563
"Cuffy, Cameron E",fast,West Indies,15,43,561,33.84,2.59,78.28,0.076648841354724,37.4,2.86666666666667,3366,23.3,41.9,34.9,7.0023782871661
"Daniel, Wayne W",fast,West Indies,10,36,292.33,25.28,3.11,48.72,0.123203285420945,29.22,3.6,1754,19.4,38.9,41.7,7.86110327835567
"Davis, Heath Te-Ihi-O-Te-Ra",fast,New Zealand,5,17,168.33,29.35,2.96,59.41,0.101070154577883,33.64,3.4,1010,11.8,52.9,35.3,7.71720912308637
"Davis, Winston W",fast,West Indies,15,45,462.16,32.71,3.18,61.62,0.097381519151699,30.8066666666667,3,2773,26.7,40,33.3,8.3041397457444
"Dilley, Graham R",fast,England,41,138,1365.33,29.76,3.01,59.36,0.101084090243188,33.2975609756098,3.36585365853659,8192,41.3,32.6,26.1,7.83956230494443
"Donald, Allan A",fast,South Africa,72,330,2586.5,22.25,2.84,47.03,0.127595406565364,35.9208333333333,4.58333333333333,15519,39.1,34.8,26.1,7.17155154710202
"Drakes, Vasbert C",fast,West Indies,12,33,436.16,41.27,3.12,79.3,0.075670717725292,36.3416666666667,2.75,2617,45.5,36.4,18.2,8.39504068278967
"Edwards, Fidel H",fast,West Indies,55,165,1601.16,37.87,3.9,58.22,0.103054150271688,29.1109090909091,3,9607,39.4,35.8,24.8,10.0002463150053
"Gillespie, Jason N",fast,Australia,71,259,2372.33,26.14,2.85,54.96,0.109181350644971,33.4112676056338,3.64788732394366,14234,37.5,38.6,23.9,7.36507566243076
"Gray, Anthony H",fast,West Indies,5,22,148,17.14,2.55,40.36,0.148648648648649,29.6,4.4,888,22.7,45.5,31.8,6.31210948915034
"Harris, Ryan J",fast,Australia,27,113,956,23.52,2.78,50.76,0.118200836820084,35.4074074074074,4.18518518518519,5736,35.4,37.2,27.4,7.11018771562103
"Hayward, Mornantau",fast,South Africa,16,54,470.16,29.8,3.42,52.24,0.1148691767709,29.38125,3.375,2821,37,33.3,29.6,8.69320478729773
"Hughes, Mervyn G",fast,Australia,53,212,2047.5,28.38,2.94,57.95,0.103551018414497,38.6283018867924,4,12285,32.5,34.9,32.5,7.64081269840066
Imran Khan,fast,Pakistan,7,20,174.5,28.1,3.22,52.35,0.114744693057946,24.9,2.85714285714286,1047,30,40,30,8.2135885309615
"Johnson, Mitchell G",fast,Australia,73,313,2666.83,28.41,3.33,51.12,0.117382336396025,36.527397260274,4.28767123287671,16001,31.9,39.6,28.4,8.44925263725603
Junaid Khan,fast,Pakistan,22,71,767.5,31.73,2.94,64.86,0.092532255962466,34.8772727272727,3.22727272727273,4605,36.6,42.3,21.1,7.75054022438427
"Lawrence, David V",fast,England,5,18,181.5,37.56,3.72,60.5,0.099282956425814,36.26,3.6,1089,33.3,44.4,22.2,9.61630315484457
"Lawson, Geoffrey F",fast,Australia,46,180,1853,30.56,2.97,61.77,0.097139773340529,40.2826086956522,3.91304347826087,11118,37.2,40.6,22.2,7.7798421202572
"Lee, Brett",fast,Australia,76,310,2755.16,30.82,3.47,53.33,0.112518601865631,36.2513157894737,4.07894736842105,16531,36.5,36.8,26.8,8.83959476885859
"Malcolm, Devon E",fast,England,40,128,1413.33,37.09,3.36,66.25,0.090574582507784,35.33,3.2,8480,38.3,35.9,25.8,8.83197609614686
"Malinga, Separamadu L",fast,Sri Lanka,30,101,868.16,33.16,3.86,51.57,0.116346043082594,28.9366666666667,3.36666666666667,5209,38.6,34.7,26.7,9.72084041040312
"Marshall, Malcolm D",fast,West Indies,81,376,2930.66,20.95,2.69,46.77,0.128310128310128,36.1777777777778,4.64197530864198,17584,33.2,40.4,26.3,6.80486383241697
"McDermott, Craig J",fast,Australia,71,291,2764.33,28.63,3.01,57,0.105274582157586,38.9323943661972,4.09859154929578,16586,36.4,39.2,24.4,7.79832147253445
"McLean, Nixon A M",fast,West Indies,19,44,549.83,42.57,3.41,74.98,0.08007279344859,28.9210526315789,2.31578947368421,3299,29.5,40.9,29.5,9.08863024171413
Mohammad Amir,fast,Pakistan,23,81,824.33,31.47,3.09,61.06,0.098261618526561,35.8404347826087,3.52173913043478,4946,48.1,32.1,19.8,8.06932683342092
Mohammad Sami,fast,Pakistan,36,85,1249.83,52.74,3.59,88.22,0.068027210884354,34.7083333333333,2.36111111111111,7499,41.2,35.3,23.5,9.71352324814221
Mohsin Kamal,fast,Pakistan,9,24,224.66,34.25,3.66,56.17,0.106951871657754,24.9333333333333,2.66666666666667,1348,41.7,33.3,25,9.36843560313767
"Morkel, Morne",fast,South Africa,71,242,2273.33,29.33,3.12,56.36,0.106451768990864,32.0187323943662,3.40845070422535,13640,36.8,35.5,27.7,8.05692087384677
"Ntini, Makhaya",fast,South Africa,101,390,3472.33,28.83,3.24,53.42,0.112320718852601,34.3782178217822,3.86138613861386,20834,38.2,38.2,23.6,8.28620217796127
"Olonga, Henry K",fast,Zimbabwe,30,68,750.33,38.53,3.49,66.21,0.090642495334578,25.0066666666667,2.26666666666667,4502,39.7,35.3,25,9.15778276685851
"Patterson, Balfour P",fast,West Indies,28,93,804.83,30.9,3.57,51.92,0.115599751398384,28.7321428571429,3.32142857142857,4829,35.5,30.1,34.4,9.04336551551651
"Plunkett, Liam E",fast,England,13,41,443.16,37.46,3.47,64.85,0.092529902956443,34.0846153846154,3.15384615384615,2659,36.6,41.5,22,9.082658184381
"Rackeman, Carl G",fast,Australia,12,39,453.16,29.15,2.51,69.72,0.08607371441183,37.7583333333333,3.25,2719,28.2,43.6,28.2,6.71058703442317
"Roach, Kemar A J",fast,West Indies,37,122,1129.83,30.24,3.27,55.57,0.107980846676049,30.5359459459459,3.2972972972973,6779,41,28.7,30.3,8.40631646290952
"Rose, Franklyn A",fast,West Indies,19,53,520.66,30.83,3.14,58.94,0.10184473481937,27.3894736842105,2.78947368421053,3124,32.1,41.5,26.4,8.15497312717783
Rubel Hossain,fast,Bangladesh,23,32,622,75.91,3.91,116.63,0.051446945337621,27.0434782608696,1.39130434782609,3732,43.8,40.6,15.6,10.8107292364598
"Schultz, Brett N",fast,South Africa,9,37,288.83,20.24,2.59,46.84,0.128249566724437,32.0555555555556,4.11111111111111,1733,27,48.6,24.3,6.56660941711503
Shoaib Akhtar,fast,Pakistan,46,178,1357.16,25.7,3.37,45.75,0.131162036695896,29.5021739130435,3.8695652173913,8143,36,35.4,28.7,8.39150665184674
"Starc, Mitchell A",fast,Australia,32,136,1094.5,27.58,3.43,48.29,0.124257651895843,34.203125,4.25,6567,37.5,34.6,27.9,8.6080356262715
"Steyn, Dale W",fast,South Africa,85,417,2881,22.31,3.23,41.45,0.144741409232905,33.8941176470588,4.90588235294118,17286,32.6,35.7,31.7,7.92506219850936
"Taylor, Jerome E",fast,West Indies,46,130,1292.83,34.46,3.47,59.67,0.100554597278838,28.105,2.82608695652174,7757,43.8,42.3,13.8,8.98304636031175
"Thomas, John G",fast,England,5,10,129,50.4,3.91,77.4,0.077519379844961,25.8,2,774,30,30,40,10.398049746197
"Tudor, Alex Jeremy",fast,England,10,28,252,34.39,3.82,54,0.111111111111111,25.2,2.8,1512,32.1,46.4,21.4,9.69691191063165
Wahab Riaz,fast,Pakistan,22,70,678.33,33.16,3.42,58.14,0.103194610292925,30.8331818181818,3.18181818181818,4070,34.3,48.6,17.1,8.82990931574608
"Walsh, Courtney A",fast,West Indies,132,519,5003.16,24.44,2.54,57.84,0.103735683875997,37.9022727272727,3.93181818181818,30019,34.1,34.5,31.4,6.63854298112019
Waqar Younis,fast,Pakistan,87,373,2704,23.56,3.25,43.5,0.137943786982249,31.0804597701149,4.28735632183908,16224,35.4,35.4,29.2,8.04018731820358
Wasim Akram,fast,Pakistan,104,414,3771.16,23.62,2.59,54.65,0.109782291639044,36.2605769230769,3.98076923076923,22627,31.9,33.1,35,6.71538078043869
"Chameera, P V Dushmantha",fast,Sri Lanka,5,21,143.83,27.28,3.98,41,0.109782291639044,36.2605769230769,4.2,863,28.6,33.3,38.1,9.6060428370928
"Cummins, Miguel L",fast,West Indies,5,10,118.33,40.8,3.44,71,0.109782291639044,36.2605769230769,2,710,30,40,30,9.11045556276117
"Wood, Mark A",fast,England,8,25,254.5,34.4,3.38,61.08,0.098309083759339,31.7875,3.125,1527,24,56,20,8.78992792695859
"Zondeki, Monde",fast,South Africa,6,19,130,25.26,3.69,41.05,0.146153846153846,21.6666666666667,3.16666666666667,780,21.1,42.1,36.8,8.95651982678932
Aamir Nazir,FM,Pakistan,6,20,176.16,29.85,3.39,52.85,0.113533151680291,29.36,3.33333333333333,1057,50,25,25,8.63539056060106
Aaqib Javed,FM,Pakistan,22,54,653,34.7,2.87,72.56,0.082695252679939,29.6818181818182,2.45454545454545,3918,42.6,31.5,25.9,7.67200250899947
"Abbott, Kyle J",FM,South Africa,9,34,282,21.47,2.59,49.76,0.120567375886525,31.3333333333333,3.77777777777778,1692,29.4,38.2,32.4,6.62582994428068
Abdul Razzaq,FM,Pakistan,46,100,1168,36.94,3.16,70.08,0.085616438356164,25.3913043478261,2.17391304347826,7008,25,40,35,8.38466545657401
"Alderman, Terence M",FM,Australia,41,170,1696.83,27.15,2.72,59.89,0.100186818950631,41.3860975609756,4.14634146341463,10181,37.6,36.5,25.9,7.12290030778484
"Allott, Geoffrey I",FM,New Zealand,10,19,337.16,58.47,3.3,106.47,0.056353066793214,33.716,1.9,2017,47.4,36.8,15.8,9.10400208408088
"Allott, Paul J W",FM,England,13,26,370.83,41.69,2.92,85.58,0.070112989779683,28.5253846153846,2,2225,34.6,34.6,30.8,7.93362634956996
"Anderson, James M",FM,England,122,467,4473.33,28.5,2.98,57.47,0.104396501040612,36.6666393442623,3.82786885245902,26840,37.5,37.7,24.8,7.73079173401667
Ata-Ur-Rehman,FM,Pakistan,13,31,328.83,34.55,3.26,63.65,0.094273636833622,25.2946153846154,2.38461538461538,1973,45.2,41.9,12.9,8.53720789547798
Azeem Hafeez,FM,Pakistan,18,63,725.16,34.98,3.04,69.06,0.086877378785372,40.2866666666667,3.5,4351,31.7,42.9,25.4,8.06418456454106
Azhar Mahmood,FM,Pakistan,21,39,502.5,35.95,2.79,77.31,0.077611940298508,23.9285714285714,1.85714285714286,3015,30.8,38.5,30.8,7.51551412518743
"Baptiste, Eldine A E",FM,West Indies,10,16,227,35.19,2.48,85.13,0.070484581497797,22.7,1.6,1362,31.3,50,18.8,6.76605687415658
"Bichel, Andrew J",FM,Australia,19,58,556,32.24,3.36,57.52,0.10431654676259,29.2631578947368,3.05263157894737,3336,19,51.7,29.3,8.66997711358017
"Black, Marlon I",FM,West Indies,6,12,159,49.75,3.75,79.5,0.075471698113208,26.5,2,954,41.7,33.3,25,10.0218548080578
"Bollinger, Douglas E",FM,Australia,12,50,400.16,25.92,3.24,48.02,0.124950019992003,33.3466666666667,4.16666666666667,2401,40,34,26,8.15113555992142
"Botham, Ian T",FM,England,102,374,3549.5,28.4,2.99,56.96,0.105366953091985,34.7990196078431,3.66666666666667,21297,30.8,38.4,30.8,7.74762157999208
"Boult, Trent A",FM,New Zealand,47,173,1703.66,29.15,2.96,59.09,0.101546083138654,36.248085106383,3.68085106382979,10222,39.9,31.8,28.3,7.71076424791518
"Bracewell, Douglas A J",FM,New Zealand,27,72,830.66,38.83,3.37,69.22,0.086678063226832,30.7651851851852,2.66666666666667,4984,38.9,36.1,25,8.90377123791806
"Bracken, Nathan W",FM,Australia,5,12,185,42.08,2.73,92.5,0.064864864864865,37,2.4,1110,50,33.3,16.7,7.48362142722361
"Bradshaw, Ian D R",FM,West Indies,5,9,170.16,60,3.17,113.44,0.052891396332863,34.032,1.8,1021,55.6,33.3,11.1,8.79921994558934
"Brain, David H",FM,Zimbabwe,9,30,301.66,30.5,3.03,60.33,0.099449711595836,33.5177777777778,3.33333333333333,1810,43.3,26.7,30,7.90731801025481
"Brandes, Eddo A",FM,Zimbabwe,10,26,332.66,36.58,2.86,76.77,0.078157878915409,33.266,2.6,1996,38.5,38.5,23.1,7.6920391800915
"Broad, Stuart C J",FM,England,102,368,3500,28.54,3,57.07,0.105142857142857,34.3137254901961,3.6078431372549,21000,32,40.2,27.9,7.77415123123695
"Caddick, Andrew R",FM,England,62,234,2259.66,29.91,3.1,57.94,0.103555402140145,36.4461290322581,3.7741935483871,13558,38,38,23.9,8.03700207707457
"Cairns, Christopher L",FM,New Zealand,62,218,1949.66,29.4,3.29,53.66,0.111814367633331,31.4461290322581,3.51612903225806,11698,38.5,30.3,31.2,8.41276788868206
"Chatara, Tendai L",FM,Zimbabwe,7,16,241.16,29.25,2.43,72.35,0.066345994360591,34.4514285714286,2.28571428571429,1147,35,40,25,6.52837582049705
"Chigumbura, Elton",FM,Zimbabwe,14,21,301,46,3.21,86,0.069767441860465,21.5,1.5,1806,33.3,47.6,19,8.6983368799832
"Clark, Stuart R",FM,Australia,24,94,857.66,23.86,2.62,54.74,0.109600541006926,35.7358333333333,3.91666666666667,5146,41.5,37.2,21.3,6.78950058345465
"Collins, Pedro T",FM,West Indies,32,106,1160.66,34.63,3.16,65.7,0.091327348232902,36.270625,3.3125,6964,39.6,32.1,28.3,8.32054989792973
"Collymore, Corey D",FM,West Indies,30,93,1056.16,32.3,2.84,68.14,0.088054840175731,35.2053333333333,3.1,6337,34.4,47.3,18.3,7.54246224999111
"Cork, Dominic G",FM,England,37,131,1279.66,29.82,3.05,58.61,0.102370942281544,34.5854054054054,3.54054054054054,7678,38.2,38.9,22.9,7.92674990063008
"Cummins, Anderson C",FM,West Indies,5,8,103,42.75,3.32,77.25,0.077669902912621,20.6,1.6,618,0,75,25,8.88779296578139
"De Freitas, Phillip A J",FM,England,44,140,1639.66,33.57,2.87,70.27,0.085383555127283,37.265,3.18181818181818,9838,39.3,35.7,25,7.64425898989934
"De Groen, Richard P",FM,New Zealand,5,11,176.66,45.91,2.86,96.36,0.062266500622665,35.332,2.2,1060,27.3,63.6,9.1,7.85731438390133
"de Silva, Karunakalage S C",FM,Sri Lanka,8,16,264.16,55.56,3.37,99.06,0.060569351907935,33.02,2,1585,43.8,18.8,37.5,9.23561843785805
"De Villiers, Petrus S",FM,South Africa,18,85,800.83,24.25,2.57,56.53,0.10613987987463,44.4905555555556,4.72222222222222,4805,45.9,22.4,31.8,6.69595187287637
"Dillon, Merwyn V",FM,West Indies,38,131,1450.66,33.57,3.03,66.44,0.09030372382226,38.1752631578947,3.44736842105263,8704,35.1,38.2,26.7,8.00271710534028
"Dodemaide, Anthony I C",FM,Australia,10,34,364,28.03,2.62,64.24,0.093406593406593,36.4,3.4,2184,29.4,41.2,29.4,6.92965355078789
"Drum, Christopher J",FM,New Zealand,5,16,134.33,30.13,3.59,50.38,0.119109655326435,26.866,3.2,806,43.8,37.5,18.8,9.04731226898268
"Eranga, R M Shaminda",FM,Sri Lanka,19,57,648.5,37.51,3.3,68.26,0.087895142636854,34.1315789473684,3,3891,35.1,35.1,29.8,8.71232608537847
Fazl-E-Akbar,FM,Pakistan,5,11,147,46.45,3.48,80.18,0.074829931972789,29.4,2.2,882,63.6,27.3,9.1,9.33541825618974
"Fernando, Conganige R D",FM,Sri Lanka,40,100,1030.16,37.84,3.67,61.81,0.097072299448629,25.754,2.5,6181,49,32,19,9.52123313196943
"Fernando, Thudellage C B",FM,Sri Lanka,9,18,211.66,44,3.74,70.56,0.085042048568459,23.5177777777778,2,1270,22.2,50,27.8,9.85936316901128
"Finn, Steven T",FM,England,36,125,1068.66,30.4,3.56,51.3,0.116968914341325,29.685,3.47222222222222,6412,31.2,43.2,25.6,9.00125682835668
"Fleming, Damien W",FM,Australia,20,75,688.16,25.89,2.82,55.05,0.10898628225994,34.408,3.75,4129,37.3,37.3,25.3,7.29216978723798
"Flintoff, Andrew",FM,England,79,226,2491.83,32.79,2.97,66.15,0.090696395821545,31.5421518987342,2.86075949367089,14951,30.5,45.1,24.3,7.84694076556503
"Foster, Neil A",FM,England,29,87,1043.5,32.85,2.77,71.15,0.08337326305702,35.9827586206897,3,6161,45.5,37.5,17,7.39814521450888
"Fraser, Angus R C",FM,England,46,177,1812.66,27.32,2.67,61.45,0.097646552580186,39.405652173913,3.84782608695652,10876,28.2,41.8,29.9,7.01904701456011
"Friend, Travis J",FM,Zimbabwe,13,25,333.33,43.6,3.27,80,0.0750007500075,25.6407692307692,1.92307692307692,2000,52,32,16,8.79130727007954
"Henry, Matthew J",FM,New Zealand,7,17,289.16,56.11,3.29,102,0.058790980771891,41.3085714285714,2.42857142857143,1735,35.3,47.1,17.6,9.04766060310806
"Gilbert, David R",FM,Australia,9,16,274.5,52.69,3.07,102.94,0.058287795992714,30.5,1.77777777777778,1647,62.5,18.8,18.8,8.46438483759075
"Gillespie, Mark R",FM,New Zealand,5,22,144.66,28.68,4.36,39.45,0.152080741047975,28.932,4.4,868,9.1,59.1,31.8,10.3600517139703
"Gough, Darren",FM,England,58,229,1970.16,28.4,3.3,51.62,0.116234214480042,33.968275862069,3.94827586206897,11821,38.4,33.2,28.4,8.38893550218083
"Hall, Andrew J",FM,South Africa,21,45,500.16,35.93,3.23,66.69,0.089971209213052,23.8171428571429,2.14285714285714,3001,22.2,33.3,44.4,8.51246949526922
"Harmison, Stephen J",FM,England,63,226,2229.16,31.82,3.23,59.18,0.101383480773027,35.3834920634921,3.58730158730159,13375,31,36.7,32.3,8.38171680819844
Hasibul Hussain,FM,Bangladesh,5,6,130,95.17,4.39,130,0.046153846153846,26,1.2,780,83.3,16.7,0,12.1956051467553
"Hazlewood, Josh R",FM,Australia,25,98,482.83,25.96,2.9,53.65,0.202969989437276,19.3132,3.92,2897,35.7,36.7,27.6,7.4629146051762
"Headley, Dean W",FM,England,15,60,504.33,27.85,3.31,50.43,0.118969722205699,33.622,4,3026,33.3,40,26.7,8.38337947873093
"Hilfenhaus, Benjamin W",FM,Australia,27,99,1013,28.51,2.79,61.39,0.097729516288253,37.5185185185185,3.66666666666667,6078,45.5,27.3,27.3,7.32086485849253
"Hoggard, Matthew J",FM,England,67,248,2318.16,30.5,3.26,56.08,0.106981399040618,34.5994029850746,3.70149253731343,13909,39.1,35.9,25,8.39473098385359
"Hondo, Douglas T",FM,Zimbabwe,9,21,247.66,36.86,3.13,70.76,0.084793668739401,27.5177777777778,2.33333333333333,1486,52.4,38.1,9.5,8.31599043036142
Jalaluddin,FM,Pakistan,6,11,199.5,48.82,2.69,108.82,0.055137844611529,33.25,1.83333333333333,1197,36.4,27.3,36.4,7.47346718185754
"Jarvis, Kyle M",FM,Zimbabwe,8,30,261.5,31.73,3.64,52.3,0.11472275334608,32.6875,3.75,1569,50,26.7,23.3,9.22050895612289
"Jarvis, Paul W",FM,England,9,21,318.66,45.95,3.03,91.05,0.065900960271135,35.4066666666667,2.33333333333333,1912,28.6,38.1,33.3,8.26950275693474
"Johnson, Neil C",FM,Zimbabwe,13,15,197.66,39.6,3.01,79.07,0.075887888293029,15.2046153846154,1.15384615384615,1186,33.3,33.3,33.3,8.10535972301322
"Jones, Simon P",FM,England,18,59,470.16,28.24,3.54,47.81,0.125489195167603,26.12,3.27777777777778,2821,28.8,39,32.2,8.85444792219993
"Jordan, Christopher J",FM,England,8,21,255,35.81,2.95,72.86,0.082352941176471,31.875,2.625,1530,23.8,38.1,38.1,7.88160435985599
"Julian, Brendon P",FM,Australia,7,15,183,39.93,3.27,73.2,0.081967213114754,26.1428571428571,2.14285714285714,1098,33.3,53.3,13.3,8.70788292714392
"Kallis, Jacques H",FM,South Africa,166,292,3372,32.65,2.83,69.29,0.086595492289443,20.3132530120482,1.75903614457831,20232,28.4,44.2,27.4,7.52980184872351
Kapil Dev,FM,India,131,356,4623.33,29.65,2.78,63.92,0.077000776496595,35.2925954198473,2.7175572519084,22740,40.3,31.3,28.3,7.3334643807236
"Kasprowicz, Michael S",FM,Australia,38,113,1190,32.88,3.12,63.19,0.094957983193277,31.3157894736842,2.97368421052632,7140,34.5,37.2,28.3,8.17992041138953
"King, Reon D",FM,West Indies,19,53,573.66,32.7,3.02,64.94,0.092389220095527,30.1926315789474,2.78947368421053,3442,34,37.7,28.3,7.95532929310438
"Klusener, Lance",FM,South Africa,49,80,1147.83,37.91,2.64,86.09,0.069696732094474,23.4251020408163,1.63265306122449,6887,22.5,45,32.5,7.19800942119172
"Kulasekara, K M D Nuwan",FM,Sri Lanka,21,48,594.5,37.38,3.02,74.31,0.080740117746005,28.3095238095238,2.28571428571429,3567,39.6,37.5,22.9,8.07895311465293
"Kuruvilla, Abey",FM,India,10,25,294.16,35.68,3.03,70.6,0.084987761762306,29.416,2.5,1765,28,36,36,8.05965834158267
"Lakmal, R A Suranga",FM,Sri Lanka,32,71,985.33,45.95,3.3,83.27,0.072057077324348,30.7915625,2.21875,5912,49.3,26.8,23.9,8.90730482466067
"Langeveldt, Charl K",FM,South Africa,6,16,166.5,37.06,3.56,62.44,0.096096096096096,27.75,2.66666666666667,999,50,25,25,9.26218881134816
"Lawson, Jermaine J C",FM,West Indies,13,51,394,29.65,3.84,46.35,0.129441624365482,30.3076923076923,3.92307692307692,2364,31.4,43.1,25.5,9.50213703415275
"Lewis, Clairmonte C",FM,England,32,93,1142,37.53,3.06,73.68,0.081436077057793,35.6875,2.90625,6852,37.6,32.3,30.1,8.17405416496405
"Liyanage, Dulip K",FM,Sri Lanka,9,17,225.83,39.18,2.95,79.71,0.07527786387991,25.0922222222222,1.88888888888889,1355,47.1,23.5,29.4,7.95646742252128
"Maharoof, Mohamed F",FM,Sri Lanka,22,25,490,65.24,3.33,117.6,0.051020408163265,22.2727272727273,1.13636363636364,2940,52,32,16,9.25549646343282
"Mahmood, Sajid I",FM,England,8,20,188.33,38.1,4.05,56.5,0.106196569850794,23.54125,2.5,1130,15,40,45,10.3142612923834
"Mahwire, Ngonidzashe B",FM,Zimbabwe,10,18,214.5,50.83,4.23,71.5,0.083916083916084,21.45,1.8,1287,50,27.8,22.2,11.1083934805255
Manjural Islam,FM,Bangladesh,17,28,495,57.32,3.24,106.07,0.056565656565657,29.1176470588235,1.64705882352941,2970,42.9,42.9,14.3,8.94146125378179
"Martin, Christopher S",FM,New Zealand,71,233,2337.66,33.64,3.35,60.2,0.099672321894544,32.9247887323944,3.28169014084507,14026,40.3,37.3,22.3,8.69955374927548
"Martin, Peter J",FM,England,8,17,242,34.12,2.4,85.41,0.070247933884298,30.25,2.125,1452,41.2,47.1,11.8,6.55475198037451
"Masakadza, Shingirai W",FM,Zimbabwe,5,16,176.16,32.19,2.92,66.06,0.090826521344233,35.232,3.2,1057,43.8,31.3,25,7.71864896156871
Mashrafe Bin Mortaza,FM,Bangladesh,36,78,998.33,41.53,3.24,76.79,0.07813047789809,27.7313888888889,2.16666666666667,5990,48.7,32.1,19.2,8.67695313028568
"Matthews, Craig R",FM,South Africa,18,52,663.33,28.88,2.26,76.54,0.078392353730421,36.8516666666667,2.88888888888889,3980,25,46.2,28.8,6.12033835085729
"Mbangwa, Mpumelelo",FM,Zimbabwe,15,32,432.66,31.44,2.33,81.13,0.073961077982712,28.844,2.13333333333333,2596,43.8,40.6,15.6,6.33824605504279
"McGrath, Glenn D",FM,Australia,124,563,4874.66,21.64,2.5,51.95,0.115495234539435,39.3117741935484,4.54032258064516,29248,40,34.8,25.2,6.44523698318189
"Mills, Kyle D",FM,New Zealand,19,44,483.66,33.02,3,65.95,0.09097299756027,25.4557894736842,2.31578947368421,2902,45.5,25,29.5,7.92014358806084
Mohammad Akram,FM,Pakistan,9,17,246.16,50.53,3.49,86.88,0.069060773480663,27.3511111111111,1.88888888888889,1477,23.5,58.8,17.6,9.43891015770409
Mohammad Asif,FM,Pakistan,23,106,862.66,24.45,3,48.83,0.122875756381425,37.5069565217391,4.60869565217391,5176,42.5,37.7,19.8,7.60047172964353
Mohammad Zahid,FM,Pakistan,5,15,132,33.47,3.8,52.8,0.113636363636364,26.4,3,792,40,26.7,33.3,9.61616158530474
Mohammed Shami,FM,India,22,76,717.66,32.61,3.45,56.66,0.105899729677006,32.6209090909091,3.45454545454545,4306,30.3,42.1,27.6,8.87128700153238
"Morrison, Daniel K",FM,New Zealand,48,160,1677.33,34.68,3.31,62.9,0.095389696720383,34.944375,3.33333333333333,10064,30.6,35.6,33.8,8.64931894425159
"Mpofu, Christopher B",FM,Zimbabwe,9,20,241.33,44.45,3.68,72.4,0.08287407284631,26.8144444444444,2.22222222222222,1448,20,45,35,9.73872706121505
"Mullally, Alan D",FM,England,19,58,754.16,31.24,2.4,78.02,0.076906757186804,39.6926315789474,3.05263157894737,4525,36.2,32.8,31,6.50062430711157
Mushfiqur Rahman,FM,Bangladesh,10,13,227.5,63.31,3.62,105,0.057142857142857,22.75,1.3,1365,7.7,30.8,61.5,9.94819654228742
"Nash, Dion J",FM,New Zealand,32,93,1032.66,28.48,2.57,66.62,0.090058683400151,32.270625,2.90625,6196,41.9,39.8,18.3,6.83016681634216
"Nel, Andre",FM,South Africa,36,123,1271.66,31.86,3.08,62.03,0.096723967098124,35.3238888888889,3.41666666666667,7630,29.3,39.8,30.9,8.06053188915084
"O'Brien, Iain E",FM,New Zealand,22,73,732.33,33.27,3.32,60.19,0.09968183742302,33.2877272727273,3.31818181818182,4394,30.1,43.8,26,8.62376290471087
"O'Connor, Shayne B",FM,New Zealand,19,53,611.16,32.53,2.82,69.19,0.086720335100465,32.1663157894737,2.78947368421053,3667,43.4,30.2,26.4,7.50368169449485
"O'Donnell, Simon P",FM,Australia,6,6,156.66,84,3.22,156.67,0.038299502106473,26.11,1,940,50,33.3,16.7,9.12279433431109
"Oram, Jacob D P",FM,New Zealand,33,60,826.33,32.92,2.39,82.63,0.072610216257428,25.040303030303,1.81818181818182,4958,30,40,30,6.50916152520667
"Owens, Michael B",FM,New Zealand,8,17,179,34.41,3.27,63.18,0.094972067039106,22.375,2.125,1074,23.5,58.8,17.6,8.55433187048108
"Panyangara, Tinashe",FM,Zimbabwe,9,31,314.5,26.23,2.58,60.94,0.098569157392687,34.9444444444444,3.44444444444444,1887,45.2,25.8,29,6.7853228499467
"Pattinson, James L",FM,Australia,17,70,546.5,26.16,3.35,46.84,0.128087831655993,32.1470588235294,4.11764705882353,3279,42.9,41.4,15.7,8.37794504112024
"Perera, Panagodage D R L",FM,Sri Lanka,8,17,188.33,38.88,3.51,66.47,0.090267084373175,23.54125,2.125,1130,47.1,41.2,11.8,9.21192502122705
"Philander, Vernon D",FM,South Africa,38,145,1165.33,22,2.74,48.22,0.124428273536252,30.6665789473684,3.81578947368421,6992,38.6,36.6,24.8,6.95803303238606
"Pollock, Shaun M",FM,South Africa,108,421,4058.83,23.12,2.4,57.85,0.103724472323305,37.5817592592593,3.89814814814815,24353,35.6,34.9,29.5,6.28660182005719
"Powell, Daren B",FM,West Indies,37,85,1179.83,47.86,3.45,83.26,0.072044277565412,31.8872972972973,2.2972972972973,7079,42.4,28.2,29.4,9.29483447127635
"Pradeep, A Nuwan",FM,Sri Lanka,22,56,670.33,42.63,3.56,71.82,0.083540942520848,30.4695454545455,2.54545454545455,4022,39.3,41.1,19.6,9.4256560243976
"Prasad, Kariyawasam T G D",FM,Sri Lanka,25,75,721.16,35.97,3.74,57.69,0.103999112540906,28.8464,3,4327,52,34.7,13.3,9.59954994020156
"Pringle, Christopher",FM,New Zealand,14,30,497.5,46.3,2.79,99.5,0.060301507537689,35.5357142857143,2.14285714285714,2985,36.7,46.7,16.7,7.69089843450816
"Pushpakumara, Karuppiahyage R",FM,Sri Lanka,23,58,632,38.66,3.55,65.38,0.091772151898734,27.4782608695652,2.52173913043478,3792,37.9,36.2,25.9,9.29218724714636
Rahat Ali,FM,Pakistan,20,58,674.5,37.43,3.22,69.78,0.085989621942179,33.725,2.9,4047,43.1,36.2,20.7,8.53227038577495
"Ramanayake, Champaka P H",FM,Sri Lanka,18,44,609,42.73,3.09,83.05,0.072249589490969,33.8333333333333,2.44444444444444,3654,47.7,34.1,18.2,8.35495651341536
"Rampaul, Ravindranath",FM,West Indies,18,49,573.33,34.8,2.97,70.2,0.08546561317217,31.8516666666667,2.72222222222222,3440,51,30.6,18.4,7.90137018523964
"Ratnayake, Rumesh J",FM,Sri Lanka,23,74,826.83,34.64,3.1,67.04,0.089498445871582,35.9491304347826,3.21739130434783,4961,37.8,29.7,32.4,8.18854455263552
"Ratnayeke, Joseph R",FM,Sri Lanka,22,55,638.83,35.85,3.09,69.69,0.086094892224849,29.0377272727273,2.5,3833,30.9,49.1,20,8.19968172654388
"Reid, Bruce A",FM,Australia,27,113,1040.66,24.64,2.68,55.26,0.108584936482617,38.542962962963,4.18518518518519,6244,39.8,36.3,23.9,6.94741935336475
"Reiffel, Paul R",FM,Australia,35,104,1067.16,26.96,2.63,61.57,0.097454927096218,30.4902857142857,2.97142857142857,6403,44.2,32.7,23.1,6.91942876890274
Robiul Islam,FM,Bangladesh,9,25,310,39.68,3.2,74.4,0.080645161290323,34.4444444444444,2.77777777777778,1860,48,40,12,8.54354066985646
Salim Jaffer,FM,Pakistan,14,36,421.83,31.64,2.7,70.31,0.085342436526563,30.1307142857143,2.57142857142857,2531,36.1,52.8,11.1,7.20809623399329
"Sanford, Adam",FM,West Indies,11,30,369.5,43.87,3.56,73.9,0.081190798376184,33.5909090909091,2.72727272727273,2217,36.7,30,33.3,9.45700116643089
Shabbir Ahmed,FM,Pakistan,10,51,429.33,23.04,2.74,50.51,0.118789742156383,42.933,5.1,2576,27.5,27.5,45.1,7.00665541522917
Shafiul Islam,FM,Bangladesh,9,15,245,53.4,3.27,98,0.061224489795918,27.2222222222222,1.66666666666667,1470,53.3,20,26.7,8.96215092912739
Shahid Nazir,FM,Pakistan,15,36,372.33,35.33,3.42,62.06,0.096688421561518,24.822,2.4,2234,30.6,50,19.4,8.90694937262972
"Sharma, Chetan",FM,India,23,61,578.33,35.46,3.74,56.89,0.105476112254249,25.1447826086957,2.65217391304348,3470,41,34.4,24.6,9.57982105112929
"Sharma, Ishant",FM,India,73,212,2351.5,36.48,3.29,66.55,0.090155220072294,32.2123287671233,2.9041095890411,14109,35.8,40.1,24.1,8.66075949266435
"Siddle, Peter M",FM,Australia,62,211,2156.83,29.92,2.93,61.33,0.097828757945689,34.7875806451613,3.40322580645161,12941,30.3,39.3,30.3,7.67215113747857
"Sidebottom, Ryan J",FM,England,22,79,802,28.24,2.78,60.91,0.098503740648379,36.4545454545455,3.59090909090909,4812,35.4,36.7,27.8,7.28968067549372
"Silverwood, Christopher E W",FM,England,6,11,138,40.36,3.22,75.27,0.079710144927536,23,1.83333333333333,828,36.4,27.3,36.4,8.60532078315753
"Singh, Rudra P",FM,India,14,40,422.33,42.05,3.98,63.35,0.094712665451188,30.1664285714286,2.85714285714286,2534,37.5,50,12.5,10.3155593598476
"Small, Gladstone C",FM,England,17,55,654.5,34.02,2.86,71.4,0.084033613445378,38.5,3.23529411764706,3927,47.3,34.5,18.2,7.6326084482085
"Snell, Richard P",FM,South Africa,5,19,170.83,28.32,3.15,53.95,0.11122168237429,34.166,3.8,1025,31.6,36.8,31.6,8.07957338902398
"Sreesanth, Shanthakumaran",FM,India,27,87,903.16,37.6,3.62,62.29,0.096328446786837,33.4503703703704,3.22222222222222,5419,42.5,41.4,16.1,9.40755071798122
"Srinath, Javagal",FM,India,67,236,2517.33,30.49,2.86,64,0.093750124139465,37.5720895522388,3.52238805970149,15104,38.6,37.3,24.2,7.5363063779128
"Stirling, Derek A",FM,New Zealand,6,13,150.33,46.23,4,69.38,0.086476418545866,25.055,2.16666666666667,902,38.5,46.2,15.4,10.4878840911688
"Stokes, Benjamin A",FM,England,32,79,799.16,34.47,3.41,60.7,0.098853796486311,24.97375,2.46875,4795,25.3,36.7,38,8.85634136161953
"Streak, Heath H",FM,Zimbabwe,65,216,2259.83,28.14,2.69,62.77,0.095582411066319,34.7666153846154,3.32307692307692,13560,39.4,36.1,24.5,7.08859576655318
"Stuart, Colin E L",FM,West Indies,6,20,186,31.4,3.38,55.8,0.10752688172043,31,3.33333333333333,1116,35,40,25,8.67989580117018
"Su'A, Murphy L",FM,New Zealand,13,36,473.83,38.25,2.91,78.97,0.075976616085938,36.4484615384615,2.76923076923077,2843,36.1,38.9,25,7.84417413927133
Tahir Naqqash,FM,Pakistan,15,34,466.66,41.12,3,82.35,0.072858183688338,31.1106666666667,2.26666666666667,2800,35.3,38.2,26.5,8.11258778451606
Tanvir Ahmed,FM,Pakistan,5,17,117.83,26.65,3.84,41.59,0.144275651362132,23.566,3.4,707,47.1,35.3,17.6,9.31722273054347
Tapash Baisya,FM,Bangladesh,21,36,562.66,59.36,3.8,93.78,0.063981800732236,26.7933333333333,1.71428571428571,3376,61.1,30.6,8.3,10.3210709597625
"Terbrugge, David J",FM,South Africa,7,20,168.66,25.85,3.07,50.6,0.118581762124985,24.0942857142857,2.85714285714286,1012,35,50,15,7.80883016688474
"Thushara, Thilan",FM,Sri Lanka,10,28,278,37.14,3.74,59.57,0.100719424460432,27.8,2.8,1668,46.4,35.7,17.9,9.64345570914733
"Tsotsobe, Lonwabo L",FM,South Africa,5,9,145,49.78,3.09,96.67,0.062068965517241,29,1.8,870,33.3,66.7,0,8.4732010452664
"Tuffey, Daryl R",FM,New Zealand,26,77,812.83,31.75,3.01,63.34,0.094730755508532,31.2626923076923,2.96153846153846,4877,37.7,41.6,20.8,7.90493444838057
Umar Gul,FM,Pakistan,47,163,1599.83,34.07,3.47,58.89,0.101885825368945,34.0389361702128,3.46808510638298,9599,40.5,33.7,25.8,8.96816520510178
"Vaas, W P U J Chaminda",FM,Sri Lanka,111,355,3906.33,29.58,2.69,66.02,0.090878138815717,35.1921621621622,3.1981981981982,23438,42,35.2,22.8,7.13095925332605
"Watambwa, Brighton T",FM,Zimbabwe,6,14,155.16,35,3.16,66.5,0.090229440577469,25.86,2.33333333333333,931,35.7,21.4,42.9,8.33183548318883
"Watson, Shane R",FM,Australia,59,75,915.83,33.68,2.76,73.27,0.081892927726762,15.5225423728814,1.27118644067797,5495,42.7,38.7,18.7,7.39538848309373
"Watson, William",FM,New Zealand,15,40,581,34.68,2.39,87.15,0.068846815834768,38.7333333333333,2.66666666666667,3486,30,37.5,32.5,6.53994328173377
"Welegedara, U W M B Chanaka A",FM,Sri Lanka,21,55,633.16,41.33,3.59,69.07,0.086865879082696,30.1504761904762,2.61904761904762,3799,40,34.5,25.5,9.45700710498505
"White, Craig",FM,England,30,59,659.83,37.63,3.36,67.1,0.089416971037995,21.9943333333333,1.96666666666667,3959,22,45.8,32.2,8.84703340698061
"Whitney, Michael R",FM,Australia,12,39,445.33,33.97,2.98,68.51,0.087575505804684,37.1108333333333,3.25,2672,25.6,35.9,38.5,7.90295969981256
"Wickremasinghe, Gallage P",FM,Sri Lanka,40,85,1210,41.87,2.94,85.41,0.070247933884298,30.25,2.125,7260,40,37.6,22.4,7.98450507615852
"Woakes, Christopher R",FM,England,17,48,458.33,29.33,3.07,57.29,0.104728034385705,26.9605882352941,2.82352941176471,2750,33.3,37.5,29.2,7.95159628485524
"Yadav, Umesh T",FM,India,26,68,709.83,38.94,3.73,62.63,0.095797585337334,27.3011538461538,2.61538461538462,4259,39.7,38.2,22.1,9.6854227014585
Zaheer Khan,FM,India,92,311,3130.83,32.95,3.27,60.4,0.099334681218718,34.0307608695652,3.3804347826087,18785,45,34.7,20.3,8.50543363358876
Sohail Khan,FM,Pakistan,8,24,273.66,41.42,3.63,68.42,0.087700065775049,34.2075,3,1642,25,45.8,29.2,9.54682405992114
"Tiripano, Donald T",FM,Zimbabwe,5,9,162,52.44,2.91,108,0.055555555555556,32.4,1.8,972,33.3,33.3,33.3,8.06513871426734
"Bird, Jackson M",FM,Australia,7,30,247.33,25.83,3.13,49.47,0.121295435248453,35.3328571428571,4.28571428571429,1484,26.7,30,43.3,7.9277462662515
"Zoysa, Demuni N T",FM,Sri Lanka,30,64,737,33.7,2.93,69.09,0.086838534599729,24.5666666666667,2.13333333333333,4422,43.8,35,30,7.78322385973618
Aizaz Cheema,MF,Pakistan,7,20,200,31.9,3.19,60,0.1,28.5714285714286,2.85714285714286,1200,35,50,16.7,8.29888712241653
Al-Amin Hossain,MF,Bangladesh,6,6,146.66,76.67,3.14,146.67,0.04091095049775,24.4433333333333,1,880,33.3,56.3,12.5,8.86702279437791
"Anderson, Corey J",MF,New Zealand,13,16,217,41.19,3.04,81.38,0.073732718894009,16.6923076923077,1.23076923076923,1302,31.3,44.4,11.1,8.2076393287432
"Arnel, Brent J",MF,New Zealand,6,9,168,62.89,3.37,112,0.053571428571429,28,1.5,1008,44.4,37,18.5,9.32936611667618
"Balaji, Lakshmipathy",MF,India,8,27,292.66,37.19,3.43,65.04,0.092257226816101,36.5825,3.375,1756,44.4,27.7,31.9,8.98716744205108
"Binny, Roger M H",MF,India,27,47,478.33,32.64,3.21,61.06,0.098258524449648,17.7159259259259,1.74074074074074,2870,40.4,28.3,39.6,8.36724231674993
"Blignaut, Arnoldus M",MF,Zimbabwe,19,53,529,37.06,3.71,59.89,0.100189035916824,27.8421052631579,2.78947368421053,3174,32.1,21.4,39.6,9.57786126585608
"Bracewell, Brendon P",MF,New Zealand,6,13,166.33,41.79,3.39,74,0.078157878915409,27.7216666666667,2.16666666666667,998,50,21.4,28.6,9.02451236490592
"Bravo, Dwayne J J",MF,West Indies,40,86,1077.66,39.84,3.18,75.19,0.079802535122395,26.9415,2.15,6466,32.6,43,24.2,8.50182410538576
"Bresnan, Timothy T",MF,England,23,72,779,32.74,3.03,64.92,0.092426187419769,33.8695652173913,3.1304347826087,4674,31.9,38.9,29.2,7.97914242832197
"Capel, David J",MF,England,15,21,333.33,50.67,3.19,95.24,0.0630006300063,22.222,1.4,2000,19,66.7,14.3,8.72816249093766
"De Mel, Ashantha L F",MF,Sri Lanka,17,59,586.33,36.95,3.72,59.63,0.10062592737878,34.49,3.47058823529412,3518,45.8,39,15.3,9.59536702109622
"Doull, Simon B",MF,New Zealand,32,98,1008.83,29.31,2.85,61.77,0.097142234073134,31.5259375,3.0625,6053,45.9,35.7,18.4,7.47785936733037
"Ealham, Mark A",MF,England,8,17,176.66,28.71,2.76,62.35,0.096230046416846,22.0825,2.125,1060,0,58.8,41.2,7.26061037405761
"Ellison, Richard M",MF,England,11,35,377.33,29.94,2.78,64.69,0.092757003153738,34.3027272727273,3.18181818181818,2264,25.7,42.9,31.4,7.3426703717004
"Ervine, Sean M",MF,Zimbabwe,5,9,95,43.11,4.08,63.33,0.094736842105263,19,1.8,570,44.4,33.3,22.2,10.5602264141284
"Franklin, James E C",MF,New Zealand,31,82,794.5,33.98,3.51,58.13,0.103209565764632,25.6290322580645,2.64516129032258,4767,30.5,42.7,26.8,9.0488952869912
"Harris, Christopher Z",MF,New Zealand,23,16,426.66,73.13,2.74,160,0.037500585946656,18.5504347826087,0.695652173913043,2560,31.3,56.3,12.5,7.79447968399433
"Holder, Jason O",MF,West Indies,20,31,478.66,41,2.66,92.65,0.064764133205198,23.933,1.55,2972,29,45.2,25.8,7.2970791440578
"Ilott, Mark C",MF,England,5,12,173.66,45.17,3.12,86.83,0.069100541287574,34.732,2.4,1042,25,50,25,8.47055240101809
"Jarvis, Malcolm P",MF,Zimbabwe,5,11,212.16,35.73,1.85,115.73,0.05184766214178,42.432,2.2,1273,45.5,45.5,9.1,5.19778410720211
"John, Vinothen B",MF,Sri Lanka,6,28,213.5,21.93,2.88,45.75,0.131147540983607,35.5833333333333,4.66666666666667,1281,46.4,35.7,17.9,7.23449788973757
Khaled Mahmud,MF,Bangladesh,12,13,270,64,3.08,124.62,0.048148148148148,22.5,1.08333333333333,1620,46.2,23.1,30.8,8.6126531876523
"Kumar, Bhuvneshwar",MF,India,16,42,404.5,28.81,2.99,57.79,0.103831891223733,25.28125,2.625,2427,38.1,35.7,26.2,7.7627223022377
"Kumar, Praveen",MF,India,6,27,268.5,25.81,2.6,59.67,0.100558659217877,44.75,4.5,1611,37,51.9,11.1,6.81633989579822
"Larsen, Gavin Rolf",MF,New Zealand,8,24,327.83,28.71,2.1,81.96,0.073208675228015,40.97875,3,1967,29.2,37.5,33.3,5.73369707256521
Liaqat Ali,MF,Pakistan,5,5,116,59.83,2.67,134.67,0.043103448275862,23.2,1,696,33.3,50,16.7,7.52499394674203
"Marsh, Mitchell R",MF,Australia,19,29,311.16,37.28,3.47,64.38,0.093199640056563,16.3768421052632,1.52631578947368,1867,20.7,58.6,20.7,9.07602313329046
"McMillan, Brian M",MF,South Africa,38,75,1009,33.83,2.51,80.72,0.074331020812686,26.5526315789474,1.97368421052632,6054,40,48,12,6.81269387602156
Mohammad Shahid,MF,Bangladesh,5,5,105,57.6,2.74,126,0.047619047619048,21,1,630,60,40,0,7.68716078933452
Mohammed Sharif,MF,Bangladesh,10,14,275.16,79,4.02,117.93,0.050879488297718,27.516,1.4,1651,50,35.7,14.3,11.1154727691138
Naved-ul-Hasan,MF,Pakistan,9,18,260.83,58,4,86.94,0.069010466587433,28.9811111111111,2,1565,44.4,27.8,27.8,10.7625803054988
"Nehra, Ashish",MF,India,17,44,574.5,42.41,3.25,78.34,0.076588337684944,33.7941176470588,2.58823529411765,3447,36.4,40.9,22.7,8.72000440988405
"Nkala, Mluleki L",MF,Zimbabwe,10,11,242,66.09,3,132,0.045454545454546,24.2,1.1,1452,54.5,36.4,9.1,8.42602018641039
"Onions, Graham",MF,England,9,32,267.66,29.91,3.58,50.19,0.119554658895614,29.74,3.55555555555556,1606,40.6,25,34.4,9.01747051370658
"Patel, Munaf M",MF,India,13,35,443,38.54,3.05,75.94,0.079006772009029,34.0769230769231,2.69230769230769,2658,25.7,45.7,28.6,8.1747386085669
"Pathan, Irfan K",MF,India,29,100,980.66,32.26,3.29,58.84,0.101972141211021,33.8158620689655,3.44827586206897,5884,47,34,19,8.5240652307064
"Perera, N L Thissara C",MF,Sri Lanka,6,11,159,59.36,4.11,86.73,0.069182389937107,26.5,1.83333333333333,954,54.5,36.4,9.1,11.0421833747521
"Prabhakar, Manoj M",MF,India,39,96,1245.83,37.3,2.87,77.86,0.077057062360033,31.944358974359,2.46153846153846,7475,47.9,24,28.1,7.73025984707269
"Pringle, Derek R",MF,England,30,70,881.16,35.97,2.86,75.53,0.079440737210041,29.372,2.33333333333333,5287,21.4,40,38.6,7.67870128646596
"Sammy, Darren J G",MF,West Indies,38,84,1035.83,35.8,2.9,73.99,0.081094388075263,27.2586842105263,2.21052631578947,6215,42.9,34.5,22.6,7.76646977166943
"Sandhu, Balwinder S",MF,India,8,10,170,55.7,3.28,102,0.058823529411765,21.25,1.25,1020,70,20,10,9.01888667478886
Shahadat Hossain,MF,Bangladesh,38,72,896.66,51.82,4.16,74.72,0.08029799478063,23.5963157894737,1.89473684210526,5380,41.7,33.3,25,10.9863758067485
Sikander Bakht,MF,Pakistan,26,62,749.33,36,2.97,72.69,0.082740581586217,28.8203846153846,2.38461538461538,4496,41.8,40.3,17.9,7.9315734703456
"Singh, Vikram R",MF,India,5,8,111.5,53.38,3.83,83.63,0.071748878923767,22.3,1.6,669,12.5,37.5,50,10.2814497032092
"Snedden, Martin C",MF,New Zealand,25,58,795.83,37.91,2.76,82.33,0.072879886407901,31.8332,2.32,4775,37.9,34.5,27.6,7.48422053831738
"Southee, Timothy G",MF,New Zealand,54,190,1982,31.52,3.02,62.59,0.095862764883956,36.7037037037037,3.51851851851852,11892,38.4,37.9,23.7,7.91914637564359
Syed Rasel,MF,Bangladesh,6,12,146.5,47.75,3.91,73.25,0.081911262798635,24.4166666666667,2,879,66.7,33.3,0,10.3324015830573
Talha Jubair,MF,Bangladesh,7,14,181.66,55.07,4.24,77.86,0.077067048332049,25.9514285714286,2,1090,42.9,35.7,21.4,11.2422149455657
"Tremlett, Christopher T",MF,England,12,53,483.66,27,2.96,54.75,0.109581110697597,40.305,4.41666666666667,2902,35.8,45.3,18.9,7.63087494114159
"Vaughan, Justin T C",MF,New Zealand,6,11,173.33,40.91,2.6,94.55,0.06346275889921,28.8883333333333,1.83333333333333,1040,9.1,45.5,45.5,7.14905809188656
"Venkatesh Prasad, Bapu K",MF,India,33,96,1173.5,35,2.86,73.34,0.081806561567959,35.5606060606061,2.90909090909091,7041,32.3,41.7,26,7.65585595757216
"Wagner, Neil",MF,New Zealand,27,108,966.83,28.68,3.2,53.71,0.111705263593393,35.8085185185185,4,5801,28.7,39.8,31.5,8.19703462895834
"Whittall, Guy J",MF,Zimbabwe,46,51,781,40.94,2.67,91.88,0.065300896286812,16.9782608695652,1.10869565217391,4686,25.5,49,25.5,7.31990140412632
"Neesham, James D S",MF,New Zealand,10,12,151.83,46,3.63,75.9,0.079035763683067,15.183,1.2,911,16.7,41.7,41.7,9.66505884622805
